model,forecast_horizon_days,forecast_value,MAE,RMSE,MAPE_percent
Naive forecast,56,100.0,24.017857142857142,27.959473222096708,36.776469378795646
7-day moving average forecast,56,85.85714285714286,16.252551020408166,19.549844719880223,23.896987129434258
28-day moving average forecast,56,87.71428571428571,17.08928571428571,20.293949535639975,25.387442341886846
Weekday-adjusted moving average forecast,56,75.75,12.888392857142858,16.855411911735818,19.438206205669932
