wday,weekday,number_of_days,mean_demand,median_demand,std_demand,min_demand,max_demand
1,Saturday,278,127.7158273381295,125.0,29.138196200741355,0,213
2,Sunday,278,123.13309352517986,120.0,29.35135563751998,0,222
3,Monday,277,87.84837545126354,84.0,23.347534376925413,36,174
4,Tuesday,277,84.09025270758123,82.0,21.355407257619923,0,175
5,Wednesday,277,84.90252707581227,81.0,21.480895474871243,5,166
6,Thursday,277,91.21660649819495,89.0,25.594029790288772,0,211
7,Friday,277,104.59205776173285,102.0,28.352651291246598,0,237
